Contact,Date,Message,,,
Mum,2013-11-29 16:45:03,We Are o n d way,,,
me,2013-11-29 17:02:35,How far away are you?,,,
Mum,2014-02-23 20:53:46,Hi how are you. Do you have good orientation? We home now a little bit delay coz there was a storm  n lightning  at chch. Have a good day for tomorrow.  Love you xxxx,,,
me ,2014-02-23 21:31:22,Yeah it's been good. Love you goodnight.,,,
Mum,2014-02-23 22:24:50,Dont forget lock your door from inside even when u r in the room luv u goodnight,,,
Mum,2014-02-26 19:47:45,Hi  how are you? Dad try to text but you didn't reply. Are you ok.,,,
Mum,2014-03-03 22:46:49,Hi dad txt you but you do not reply how are u are you ok. Pls reply love you.,,,
Mum,2014-03-06 21:59:14,Hi how are you.what is the weather over there.  We  are driving at  Manchester.  Dad asking why no txt from you last night. Goodnight love you. Xxx,,,
Mum,2014-03-09 20:35:49,Hi how are you never hear from you . Are you ok. Suppose to be you are skype today. Love mum,,,
Mum,2014-03-09 21:36:21,Hi are you ok.,,,
me,2014-03-09 21:37:51,Can I Skype you pm Tuesday. I have some homework to do. Love you.,,,
Mum,2014-03-09 21:39:57,Ok goodnight . Love you too.xxx,,,
Mum,2014-03-11 19:55:39,Hi how are you? Are still skype us today?,,,
me,2014-03-11 19:57:18,Yes,,,
Mum,2014-03-14 21:14:49,Hi how are you. Dad  waiting for your text since Wednesday.  Are you ok just busy. Love you,,,
me,2014-03-15 10:47:27,I've been pretty busy with assignments and stuff. Love you.,,,
Mum,2014-03-17 22:46:58,Hi how are you? Hope you eating your meal on time. Are you still very busy. How you getting on,still busy. Love you.xxxooo,,
me,2014-03-18 8:15:57,I'm good. I've been give a few assignments this week. I have been eating my meals. Love you.,,,
Mum,2014-03-19 20:10:52,Hi how are you? Dad  waiting skype,,,
Mum,2014-03-22 11:05:23,Hi how are you? We waiting for you to skype last night. Are you ok. Love u xxx,,,
me,2014-03-22 12:04:44,I'm good. Can I Skype you tonight?,,,
Mum,2014-03-22 12:08:11,How about 8pm is that ok love you,,,
me,2014-03-22 19:22:09,"Can I Skype you around 10? Courtney's invited me to watch a movie.""Mum ""<+64210500788>",2014-03-22 19:24:19,Ok here from you then love you bye,
Mum,2014-03-24 20:54:53,Hi how are you? How is you cold? Are getting better.  Keep warm.  Look after yourself,make sure you eat your meal. Goodnight.  Love you.xxxooo,,
Mum,2014-03-26 8:19:36,Hi how are. How is your cold ?  Keep yourself warm.,,,
Mum,2014-03-26 20:17:18,Hi how are you. I txt you 3x no reply. Are you alright. Pls txt. So that I know you ok. Love you xxx,,,
Mum,2014-03-29 20:13:19,Hi how are you? Are you skyping tonight.,,,
me,2014-03-29 20:14:47,I'm good. But I have three assignments due this week. Can I Skype you later this week?,,,
Mum,2014-03-29 20:18:18,Ok ..txt us when you ready. Dont forget to have something to eat. Goodnight.  Love you.xxx mum n dad,,,
Mum,2014-04-03 21:35:07,Hi how are you. Are you still skype us today.,,,
me,2014-04-03 21:35:49,Yeah okay,,,
Mum,2014-04-03 21:37:40,Im waiting,,,
Mum,2014-04-08 18:18:41,Hi how are you? Everything ok. Are you still busy? We have  ugly weather here in chch. How about over there. Take  care love you.xxxooo,,,
me,2014-04-08 21:26:21,Still pretty busy. It's been raining over here. I'll Skype you on Saturday.,,,
Mum,2014-04-08 21:31:24,Ok love you thanks for reply talk to you Saturday night,goodnight Love you mum and dad,,
Mum,2014-04-12 20:21:36,Hi are you still skype us tonight,,,
me,2014-04-12 20:22:24,Sorry,can I Skype you tomorrow?,,
Mum,2014-04-12 20:24:09,Ok are you busy or you out. Love you mum n dad. Take care xxx ooome,2014-04-12 20:24:37,Out. Love you?,
Mum,2014-04-12 20:25:54,Dad asking where are you...,,,
me,2014-04-12 20:26:44,I'm having chips and dip in a friend's room.,,,
Mum,2014-04-12 20:28:09,Ok enjoy see you tomorrow.  Love you. Goodnight,,,
Mum,2014-04-13 22:18:35,Hi are you skype us tonight,,,
me,2014-04-13 22:19:44,Sorry,I can't I have a lot of homework,,
Mum,2014-04-13 22:22:31,Ok ...??? Goodnight love youxxx,,,
Mum,2014-04-14 19:28:04,Hi how are you  still busy .,,,
Mum,2014-04-17 17:31:56,Hi how are you? I asked annalee she be there on 2 & 3 of May. Ok see you tomorrow make sure you check bus time table holiday tomorrow.  Take care. Love you.. mum & dadxxx,,,
Mum,2014-04-17 18:08:52,Did you received my message?,,,
me,2014-04-17 18:51:01,Yes,,,
Mum,2014-04-18 16:09:58,Hi how are you. You are ready to go to the airport. Dont take to long you need to check in to get your boarding pass. See you tonight. Love you mum n dad.,,,
me,2014-04-25 15:20:46,Can you pick me up from the container mall now,,,
Mum,2014-04-25 15:31:13,Yes be there soon,,,
Mum,2014-04-25 15:50:43,Hi pick you up in colombo st. Side near Valentine,,,
Mum,2014-05-01 12:11:20,Hi did annalee told you we meet her at westfield. C u  near pak and save. Mum,,,
Mum,2014-05-01 12:14:37,Mahkai could please bring my 2 aa bill on the table I want to pay it. Thanks,,,
Mum,2014-05-01 16:01:02,Are you at the mall yet,,,
me,2014-05-01 17:03:29,Where should I meet you?,,,
Mum,2014-05-01 17:04:27,Where are you,,,
me,2014-05-01 17:05:14,The end near cotton on,,,
Mum,2014-05-01 17:06:24,Come toward kmart,,,
Mum,2014-05-02 10:06:36,Hi are you ready to board.,,,
me,2014-05-02 12:01:05,I'm in Wellington now,,,
Mum,2014-05-02 12:03:38,Ok how are you do you have s nice flight. Look after yourself. And be carefu. Love you. Xxoo,,,
Mum,2014-05-02 18:40:06,Hi how are you did annalee come to your accommodation.,,,
me,2014-05-02 18:47:26,I'm good. Annalee is gonna stay at Joyce's tonight,,,
Mum,2014-05-02 18:48:39,Ok did she drop off your computer.,,,
me,2014-05-02 18:49:12,Yes,,,
Mum,2014-05-02 18:50:31,Ok goodnight love you,,,
Mum,2014-05-04 13:13:59,Hi are you? Did watched the concert. Did annalee still there at Wellington or she left now.,,,
Mum,2014-05-06 19:57:37,Hi how are you,,,
Mum,2014-05-08 7:38:31,Hi how are you never heard form you  Are you ok.,,,
me,2014-05-08 7:49:11,I'm good. I have an assignment due today. Love you.,,,
Mum,2014-05-08 7:51:18,Ok as long as you alright love you too,,,
Mum,2014-05-11 15:10:36,Happy mothers day,,,
me,2014-05-11 15:30:34,Happy mother's day,,,
me,2014-05-11 15:33:52,Do you want to Skype tonight?,,,
Mum,2014-05-11 16:52:47,Thanks not so sure what time we home.  I'm at dad at the moment. Look after yourself I love you.,,,
me,2014-05-11 16:56:53,Okay,love you both.,,
Mum,2014-05-15 7:55:58,Hi how are you today.  Are you alright Make sure look after yourself.  Love you xxxooo,,,
me,2014-05-15 11:46:05,I'm good. Love you too.,,,
Mum,2014-05-18 20:37:04,Hi how are you still busy. Did dad rang you yesterday?  How is your weekend.  Love you..,,,
me,2014-05-19 14:08:45,Yes he rang me. My weekend was good. Love you too.,,,
Mum,2014-05-22 16:11:11,Hi how are you? How is your back. Hope you dont carry heavy items.  Did you received a reminder from 2 degree about your top up.  Can I get your  top up on week end if it is ok.,,,
me,2014-05-22 17:42:50,I'm good. I got a message from 2degrees about the top up.,,,
Mum,2014-05-22 17:44:23,Can I get your top up on the weekend.  If ok.,,,
me,2014-05-22 17:45:13,Yeah,,,
Mum,2014-05-22 17:46:20,Ok love you take care.,,,
me,2014-05-22 17:46:59,Love you too,,,
Mum,2014-05-23 19:31:09,Did you received txt from 2 degree for your top up. I got it tonight love you. Are you ok.,,,
me,2014-05-23 19:42:48,Yes. I got it. Love you too.,,,
Mum,2014-05-27 21:02:57,Hi how  are you?  Are they cold  over there.  Here are very cold. Dad asking when can  you Skype us. Take care look after yourself.  I love you.,,,
me,2014-05-28 9:15:23,I'm good. It's a wee bit cold. I can Skype you tonight. Love you.,,,
Mum,2014-05-28 9:17:16,Ok around 9:30pm its ok for you.,,,
Mum,2014-05-28 21:00:03,Are you ready to Skype now,,,
me,2014-05-28 21:06:15,Yes,,,
Mum,2014-05-29 6:57:02,Hi good morning,how are you today?  Happy birthday,hope you enjoy your day. Love you- cake be serve when you come down . Love you hips xxxooo mum.,
me,2014-05-29 8:36:09,I'm good. Love you too.,,,
Mum,2014-06-01 20:50:34,Hi how are you? How was your birthday dinner . Love you,,,
Mum,2014-06-02 20:14:56,Hi how are you?  I txt you yesterday but you dont reply. Are you alright?  How is your dinner with your friend.,,,
Mum,2014-06-06 15:27:20,Hi how are you,I want to know when do you want us to book your dentist. They rang.,,
Mum,2014-06-08 16:19:58,You missed a call from +64210500788 on 08-06-2014 at 16:19.,,,
Mum,2014-06-08 21:02:30,Hi are you ready  to Skype,,,
me,2014-06-08 21:03:43,5mins,,,
Mum,2014-06-09 10:23:05,Did you text dad wishing him happy  birthday!,,,
me,2014-06-09 10:23:36,Yes,,,
Mum,2014-06-09 10:24:39,Thanks .,,,
Mum,2014-06-13 7:01:32,Hi how are you,did you  find out when is anna bdat party?  And also  when do you need to pay your accommodation?  Let us know asap. I love you. Mum n dad.,,
me,2014-06-14 19:56:30,Ana says 5th to 6th. Also can you mail me my pikachu onesie?,,,
Mum,2014-06-14 19:58:38,When do you need it. Do you want to skype.,,,
me,2014-06-14 19:58:59,Next week,,,
me,2014-06-14 19:59:22,Can we Skype tomorrow?,,,
Mum,2014-06-14 20:00:00,Ok are you in a bar,,,
me,2014-06-14 20:00:10,No,,,
me,2014-06-14 20:00:15,Why?,,,
Mum,2014-06-14 20:01:11,Because you cant Skype today,,,
me,2014-06-14 20:01:41,I'm watching a movie with Courtney,,,
Mum,2014-06-14 20:03:19,Alright that's  better than the bar. Where is your onesie,,,
me,2014-06-14 20:03:36,In my room,,,
Mum,2014-06-14 20:06:10,Ok  talk to you on Skype tomorrow.  Enjoy your movie. Goodnight . Love you,,,
me,2014-06-14 20:06:30,Love you too,,,
Mum,2014-06-15 20:39:12,Hi how are you,are you ready to Skype,,
me,2014-06-15 20:41:29,10 mins,,,
Mum,2014-06-15 20:47:16,Ok txt me when you ready,,,
me,2014-06-15 20:53:24,I'm ready,,,
Mum,2014-06-19 21:56:55,Hi how are you?  How you getting on of your exam. Did you get the onesie. ?,,,
me,2014-06-19 23:26:29,I have my exam tomorrow morning. I got my onesie. Love you.,,,
Mum,2014-06-19 23:29:35,Ok good luck to  your eexam tomorrow.  We love you.,,,
Mum,2014-06-20 18:18:21,We got you topup tell me if you got it,,,
me,2014-06-20 18:39:30,I got it,,,
Mum,2014-06-20 18:41:55,Ok love you . See you on Monday.  Dad asking what is your flight no. And what time you arrive,,,
Mum,2014-07-02 15:51:52,We are passing town are finish,,,
me,2014-07-08 21:47:10,Can you pick me up in 20 mins? Also can Ana and yuna have a ride?,,,
Mum,2014-07-08 21:52:03,Yes we can give them a ride do  u want to b picked up at the same Place?,,,
me,2014-07-08 21:52:24,Yes,,,
Mum,2014-07-09 17:17:38,Are you having  tea at home,,,
me,2014-07-09 19:47:07,Can you pick me up in half an hour?,,,
Mum,2014-07-09 19:48:46,Yes from arna house,,,
Mum,2014-07-09 19:52:18,Are you at anna's place? What no. Of house?,,,
me,2014-07-09 19:57:55,Yes. 142 Mersey st,,,
Mum,2014-07-09 19:58:50,Ok see later,,,
Mum,2014-07-09 20:26:18,You missed a call from +64210500788 on 09-07-2014 at 20:26.,,,
Mum,2014-07-09 20:27:02,We are here,,,
me,2014-07-11 10:07:53,I'm in Wellington now,,,
Mum,2014-07-11 10:10:41,Good do you have a good flight.  Are you on the way to hall of residents.,,,
Mum,2014-07-11 10:55:57,Hi how you? Are at your hall yet. How you get on of your suitcase in the bus. Is not too heavy?,,,
Mum,2014-07-11 15:10:40,You missed a call from +64210500788 on 11-07-2014 at 15:10.,,,
Mum,2014-07-11 15:14:05,Are you alright.  You don't answers my text and you don't answers the phone call:-( everything ok.,? Let us know...,,
me,2014-07-11 18:20:08,Yeah i'm okay. Sorry,I didn't check my phone until now.,,
Mum,2014-07-11 18:23:18,Ok thats good  did u manage your bag ok?,,,
me,2014-07-11 18:45:54,Yes,,,
Mum,2014-07-16 18:31:02,Hi how are you?,,,
Mum,2014-07-16 21:19:07,Hi mahkaila,how are you. Why you dont answer my txt n dad txt. Are you ok.pls txt,,
Mum,2014-07-16 21:28:12,You missed a call from +64210500788 on 16-07-2014 at 21:28.,,,
me,2014-07-17 0:59:24,I'm good. Sorry,didn't check my phone. I had an assignment.,,
Mum,2014-07-22 20:24:43,Hi how are you? Are you ready to skype,,,
me,2014-07-22 20:49:28,I can Skype now. Sorry. I didn't hear your text.,,,
me,2014-07-22 21:08:28,Hello mum and dad,,,
Mum,2014-07-24 19:33:26,Hi how are you?  Hope you had a good day. Love you. Mum n dad?,,,
Mum,2014-07-26 13:06:15,Hi how are you. Are you ok. You dont answers my txt. Have a nice day:O love you mum n dad?,,,
Mum,2014-07-26 16:41:45,Hi why you dont answers my txt. Are ok.please answers it. Love you ?,,,
Mum,2014-07-26 16:42:20,Hi are you,,,
Mum,2014-07-26 16:43:16,Hi how are you???,,,
Mum,2014-07-26 19:52:41,You missed a call from +64210500788 on 26-07-2014 at 19:52.,,,
me,2014-07-27 0:26:33,I'm good. Sorry didn't see your text.,,,
Mum,2014-07-31 15:21:31,Hi how are you. Hope you have nice day. Love you mum n dad?,,,
me,2014-08-01 10:43:52,I'm good. Love you too.,,,
Mum,2014-08-01 12:28:05,Sweet. Have a nice day. ??,,,
Mum,2014-08-04 19:16:21,Hi how are you? Did you get the box yet. Let us know.  Love you ?,,,
me,2014-08-04 21:06:12,I got the box. Love you.,,,
Mum,2014-08-06 20:21:13,Hi how are you.? Hope you ok. You don't txt us  to much.  Love you?,,,
me,2014-08-07 13:58:57,I'm good. Love you.,,,
Mum,2014-08-08 21:33:31,Hi how are you?. What is the weather look like there?  Dad asking when you planning to Skype.  Love you? take care. Look after yourself. ?,,,
me,2014-08-09 18:04:46,I'm good. It's a bit windy. I can Skype you tuesday. Love you.,,,
Mum,2014-08-09 19:08:48,Ok thanks. Hope you have nice dat tomorrow.  See you on Skype. Tuesday text us when you ready. Take care . Love you??,,,
Mum,2014-08-12 18:52:51,Hi how are you? What time you skyping us.,,,
me,2014-08-12 21:33:23,Sorry,I have a lot of homework. Can I skype you on Sunday?,,
Mum,2014-08-13 7:23:03,Ok . How are you? Have a nice day. Love you??,,,
me,2014-08-13 13:49:06,I'm good. Love you too.,,,
Mum,2014-08-14 18:11:05,You missed a call from +64210500788 on 14-08-2014 at 18:11.,,,
Mum,2014-08-14 18:14:23,Hi how are you? We saw the news there were hail at kilburny . Are you ok. Love mum?,,,
me,2014-08-16 15:45:58,I'm fine. Love you.,,,
Mum,2014-08-16 17:37:20,Goodare you skyping on Sunday? Have a nice day.  Love you??,,,
Mum,2014-08-17 19:56:59,H i how are you? What time you going to skype.,,,
me,2014-08-17 19:58:41,Sorry I can't Skype you tonight. I have to code a website before Thursday. Sorry.,,,
Mum,2014-08-17 20:02:57,Ok how are you? Are you alright. Take care did you eaten.  I catch with you when you free. Give us a text. Love you..??,,,
me,2014-08-17 20:04:08,I'm good just a lot of work right now. Love you.,,,
Mum,2014-08-20 12:00:49,Hi how are you?  Dont forget to print your ticket for your flight on Monday.  Love you??,,,
me,2014-08-20 13:56:55,I'm good. Love you.,,,
Mum,2014-08-21 21:16:29,Hi how are you ? Are holiday now from uni. Don't forget to print your ticket for Monday.  Love you??,,,
Mum,2014-08-22 18:37:43,Hi how are you? Did you get your top up. What time your flight on Monday.  Dont be late for your flight.  Take care see you Monday. .. Love you??,,,
me,2014-08-22 18:39:08,I'm good. I got my top up. My flight arrives at 7:30. Love you.,,,
Mum,2014-08-22 18:40:58,What 7:30  am or pm,,,
me,2014-08-22 18:41:23,pm,,,
Mum,2014-08-22 18:42:40,Ok are you going to skype before you come down?,,,
me,2014-08-22 18:43:12,Probably not,,,
Mum,2014-08-22 18:45:04,Why not.. do you have copy of your ticket?,,,
me,2014-08-22 19:32:57,Yes,,,
Mum,2014-08-24 20:37:11,Hi how are you? Do you packed yet.  What time your flight living Wellington.  Don't forget to put time allowance going by bus to the airport.  See you tomorrow.  Do you want potatoe round for tea. Love you??,,,
Mum,2014-08-25 17:32:46,Hi how are you? Are you at the  Wellington airport now.,,,
me,2014-08-25 17:37:24,I am at the airport now,,,
Mum,2014-08-25 17:38:43,Ok see you soon. Have a good flight.  Love you ??,,,
me,2014-08-28 14:50:13,Can you pick me up at the container mall now? Ballentynes end?,,,
Mum,2014-08-28 14:51:17,Ok see there,,,
me,2014-08-28 15:05:01,How far away are you?,,,
Mum,2014-08-28 15:06:00,2mins or less,,,
me,2014-08-28 15:06:15,Okay,,,
me,2014-09-06 7:56:42,I'm in wellington now,,,
Mum,2014-09-06 7:58:40,That's good.. are you back at your room?,,,
me,2014-09-06 8:44:42,I'm in my room now,,,
Mum,2014-09-06 8:48:05,That's good... have good day.. love you??,,,
me,2014-09-06 8:48:41,Love you,,,
Mum,2014-09-11 20:43:49,Hi how are you my dear. . . Hope you ok. Take care. . Love you??,,,
me,2014-09-12 11:57:10,I'm good love you too.,,,
Mum,2014-09-13 21:30:38,Hi how are you? What is the weather look like in Wellington.  Here at chch is cold n raining.  Look after yourself.  Goodnight.  Love you??,,,
me,2014-09-13 21:31:55,I'm good. The weather is pretty good in Wellington. Love you.,,,
Mum,2014-09-16 20:34:08,Hi how are you? Busy? What is the weather over there. We had rained the other day. Now sunny but cold.  Take care yourself.  Goodnight ..lovr you??,,,
me,2014-09-16 20:40:15,I'm good. It has been sunny over here. I have an assignment due on Thursday. Love you.,,,
Mum,2014-09-19 21:25:27,Hi how are you? Did you managed to finished your work. Auntie mercy n uncle Robert came stay 2 nights they say hello to you. Have a nice day for tomorrow.  Goodnight. . Love you??,,,
me,2014-09-20 11:14:20,I'm good. I finished my work that I had but I still have more. Love you.,,,
Mum,2014-09-20 16:48:08,Hi how are you? You  sounds very busy?  Look after yourself.  Love you.??,,,
me,2014-09-22 15:15:22,I'm good. I have a lot of assignments though. Love you.,,,
Mum,2014-09-23 20:49:48,Hi how are you?  Did you felt the earthquakes this morning.  The news said was 5.4 only 15k dept.  Very cold here how about over ? Do you need anything?  Look after yourself Love you??,,,
me,2014-09-23 23:13:27,I didn't feel the earthquakes this morning. It is pretty cold over here. Chocolate if you don't mind :). Love you too.,,,
Mum,2014-09-27 15:47:51,Hi how are you?  What you doing today..,,,
me,2014-09-27 16:05:34,I'm good. I'm doing work today. I have 3 animations due on Tuesday. Love you.,,,
Mum,2014-09-27 16:13:25,Ok dont forget to eat . I'm talked to Christopher today he said he will be finished around 16 of November. Please let us know when you be finished so that we can arrange to pickup your gear n book the tickets as soon as you know  ok.  Aside chocolate what else do you want coz I will try to send Monday.  Love you ??,,,
me,2014-09-27 19:56:16,Move out day is on the,,,
15th of November. Maybe some food from the Asian food shop and some conditioner. Love you.,,,,,
Mum,2014-09-28 15:23:26,Hi do you want peanut butter,,,
Mum,2014-09-28 16:44:27,Hi how are you? Do you remember day light saving start today.  Do you want peanut butter?  I book tickets for 15 November coming back to Christchurch is this ok. Love you??,,,
me,2014-09-29 8:25:55,I'm good. I'm good for peanut butter. Those tickets are good. Love you.,,,
Mum,2014-10-01 21:22:02,Hi how are you ? Did you received the box yet. How is your back. We have cold weather here and strong  win. How about over there.  Love you ??,,,
me,2014-10-01 21:23:32,I'm good. I got the box today. My back is fine. It's sunny over here. Love you.,,,
Mum,2014-10-01 21:26:02,Ok good. Goodnight. Love you??,,,
Mum,2014-10-04 22:11:05,Hi how are you ? You still busy ... don't forget to have something to eat. Goodnight .. love you??,,,
me,2014-10-04 22:12:26,I'm good. I'm still busy. I have five assignments due in the next 2 weeks. Love you goodnight.,,,
Mum,2014-10-06 19:41:03,How are you? Do you have power over there news said they have strong win over there.  Do you have your tea yet. Take care ..love you ??,,,
me,2014-10-06 19:42:38,Yeah the wind I pretty strong but we still have power. I just had tea. Love you.,,,
Mum,2014-10-06 19:45:52,Ok txt you again later. Look after yourself. Goodnight. .. take care .. love you??,,,
me,2014-10-06 19:46:21,Good night. Love you.,,,
Mum,2014-10-09 22:59:01,Hi how are you.? Dad wants to know when you can Skype.  Are you still very busy. Love you ??,,,
me,2014-10-10 13:27:17,Can I Skype you next week Sunday? This coming week is my last week of classes and I have all my assignments due.,,,
Mum,2014-10-10 17:42:04,Ok I will tell to dad. Are you alright?  Take care love you??,,,
Mum,2014-10-12 17:21:45,Hi how are you. Are you alright?  What is the weather over there. ? Here we have nice sunny day. I forgot to get your phone top up last month . I will get your top up this month.  Is that ok. Love you ??,,,
Mum,2014-10-15 19:02:48,Hi how are you? Are you alright? I text you the other day did you received it or your phone stop working.  Love you ??,,,
me,2014-10-19 19:34:40,Can I Skype you tomorrow night? There's an indian festival on with fireworks and stuff.,,,
Mum,2014-10-19 19:36:18,Ok how are you . Do you have nice day there?,,,
me,2014-10-19 19:37:29,I'm good. I've finished my assignments. Love you.,,,
Mum,2014-10-19 19:39:30,Ok take care. Enjoy yourself. Love you??,,,
Mum,2014-10-20 20:23:54,Hi what time you going to Skype?,,,
Mum,2014-10-20 20:36:54,You missed a call from +64210500788 on 20-10-2014 at 20:36.,,,
me,2014-10-20 20:38:34,Around 9:30?,,,
Mum,2014-10-20 21:35:54,Where are you ?,,,
me,2014-10-20 21:39:23,Can you give me 5 minutes?,,,
Mum,2014-10-20 21:49:03,Are you going to Skype or you let us wait for whole night,,,
me,2014-10-20 21:49:43,I'm trying to sign in to skype,,,
me,2014-10-20 21:51:20,It won't let me sign in,,,
Mum,2014-10-20 21:52:15,Why not,,,
me,2014-10-20 21:53:06,I don't know. It keeps saying Skype can't connect.,,,
Mum,2014-10-20 21:54:26,Yo. Force quit Skype and then reopen it and try again.,,,
me,2014-10-20 21:55:09,How do I do that?,,,
Mum,2014-10-20 21:56:14,Turn it off n start again,,,
me,2014-10-20 21:56:36,Doing that,,,
me,2014-10-20 22:03:57,It still won't let me connect,,,
Mum,2014-10-20 22:06:28,Don't know what's wrong on your computer .,,,
me,2014-10-20 22:07:34,Hold on I think I might have to update Skype,,,
Mum,2014-10-20 22:15:34,Any luck yet,,,
me,2014-10-20 22:16:06,It is installing the new version,,,
Mum,2014-10-20 22:17:14,How long it takes,,,
Mum,2014-10-26 14:27:51,Hi did you top up your phone.,,,
Mum,2014-10-26 14:57:38,Hi did you get your top up,,,
me,2014-10-26 14:58:11,Yes,,,
Mum,2014-10-26 15:00:35,Ok take  care love you??,,,
Mum,2014-11-01 15:41:32,Hi how are you. Are you busy..,,,
me,2014-11-01 15:42:44,I'm good. I have an exam on the 11th so I'm not too busy right now. Love you.,,,
Mum,2014-11-01 15:46:03,Ok enjoy your day.. take care love you??,,,
Mum,2014-11-01 15:47:13,,,,
me,2014-11-05 12:16:01,Happy birthday! Have a good day. Love you.,,,
Mum,2014-11-05 13:00:38,Thanks how are you? Love you??,,,
me,2014-11-05 13:01:57,I'm good. I have my exam next week. Love you.,,,
Mum,2014-11-06 16:59:26,Thank you for the card n chocolates very nice.. love you,,,
Mum,2014-11-09 13:34:11,Hi how are you? How was the ball. You enjoy yourself.  Love you??,,,
me,2014-11-09 13:34:52,I'm good. The ball was fun. Love you.,,,
Mum,2014-11-10 20:59:13,Hi how are you? I guest you busy  studying for your exam tomorrow.  Good luck.. dad said good luck too. Love you ??,,,
me,2014-11-10 23:33:20,Thanks. I'm good. Love you.,,,
Mum,2014-11-13 16:23:43,Hi how are you? How did your exams go. Have you start packing yet.,,,
me,2014-11-13 20:07:21,I'm good. My exam went pretty good. I'm packing now. Love you.,,,
Mum,2014-11-13 21:33:59,Ok see you tomorrow love you.,,,
Mum,2014-11-13 22:44:19,Dont over pack your suitcases.  I will bring two bags to put some of your gear. We allowed 4 check in bags plus hand carry.see you . Love you??,,,
Mum,2014-11-14 19:40:05,You missed a call from +64210500788 on 14-11-2014 at 19:40.,,,
Mum,2014-11-18 18:29:56,Hi how are you? What time you want to be pickup.,,,
me,2014-11-18 19:26:13,I'm at a pub quiz at the moment. I think it will end around nine. Can I be picked up from Ana's place around 9:30?,,,
Mum,2014-11-18 19:27:49,What her address dad forgot it.,,,
me,2014-11-18 19:30:30,142 Mersey st,,,
Mum,2014-11-18 19:31:17,Ok thanks,,,
me,2014-11-18 20:58:13,Can you pick me up at the Elmwood pub at 9:45? 1 Norman's rd fendalton?,,,
Mum,2014-11-18 20:59:14,Ok,,,
Mum,2014-11-18 21:39:26,You missed a call from +64210500788 on 18-11-2014 at 21:39.,,,
Mum,2014-11-18 21:42:12,Hi we are here. In the car park . You finished. . Dad wants to see mentallist.,,,
Mum,2014-11-20 15:28:25,Hi do you want to come to Kmart to see the headphones,,,
me,2014-11-22 18:47:21,Can you pick me up at Northlands once you've finished church?,,,
Mum,2014-11-22 19:06:15,Ok we are on the way meet you about 20min outside countdown,,,
me,2014-11-22 19:06:37,Okay,,,
Mum,2014-11-22 19:25:24,We here,,,
me,2014-11-22 19:27:34,I'll be 5 mins,,,
Mum,2014-11-30 19:15:15,We are here outside,,,
me,2014-12-15 11:34:50,Can you pick me up at 12:45?,,,
Mum,2014-12-15 11:36:48,Ok as soon as dad come home from work.,,,
Mum,2014-12-15 12:49:27,We are here,,,
me,2014-12-15 12:49:46,Coming,,,
Mum,2014-12-16 21:35:11,What time you want to be pick up n where.,,,
Mum,2014-12-16 22:00:13,You missed a call from +64210500788 on 16-12-2014 at 22:00.,,,
Mum,2014-12-16 22:02:41,Are you ok. Why you don't answers our text n phone call. Are you alright.,,,
me,2014-12-16 22:36:10,11:30 at Ana's house? 142 Mersey st. Sorry I didn't hear my phone.,,,
Mum,2014-12-23 21:55:21,We are here,,,
me,2014-12-24 18:44:24,Can you pick me up at south city when you are finished?,,,
me,2014-12-28 16:52:37,Where are you?,,,
Mum,2014-12-28 16:53:24,Pak n save inside,,,
me,2014-12-28 16:53:37,Ok,,,
Mum,2015-01-01 0:06:54,Happy New year??,,,
Mum,2015-01-01 0:35:01,You missed a call from +64210500788 on 01-01-2015 at 00:35.,,,
Mum,2015-01-01 0:47:45,Where are you?  Do you want to be pick up.,,,
me,2015-01-01 0:48:29,I'm being dropped off. I'll be home soon.,,,
Mum,2015-01-01 0:58:41,Who will dropping you off.,,,
me,2015-01-01 0:59:13,Ana's friend. Ana is with me.,,,
Mum,2015-01-01 1:03:06,Where are you then,are you on the way home now or what.,,
me,2015-01-01 1:03:36,I'm in the way home,,,
Mum,2015-01-03 12:48:24,At Kmart,,,
me,2015-01-03 12:48:43,Coming,,,
me,2015-01-05 17:09:42,Can you pick us up now? Also could we give Ana a ride home?,,,
Mum,2015-01-05 17:11:28,Yes where are you. Where we drop you off,,,
me,2015-01-05 17:11:51,Yes,,,
me,2015-01-05 17:12:26,Can you text me when you're there?,,,
Mum,2015-01-05 17:12:40,Ok see you there,,,
Mum,2015-01-05 17:25:15,We are 2mins away,,,
Mum,2015-01-19 23:04:11,Hi what time do you think  it will finished the show.,,,
me,2015-01-19 23:47:10,It's finished now,,,
Mum,2015-01-19 23:47:55,Ok we are outside,,,
me,2015-01-19 23:48:14,Can ana have a ride?,,,
Mum,2015-01-19 23:48:43,Yes,,,
Mum,2015-01-31 13:49:03,Hi where are you,,,
me,2015-01-31 13:49:32,Farmers,,,
me,2015-01-31 13:51:18,Where should I meet you?,,,
Mum,2015-01-31 13:52:33,Farmers,,,
me,2015-01-31 13:52:47,Okay,,,
Mum,2015-02-03 22:01:53,What time you finished. We are on the way to pick you up,,,
me,2015-02-03 22:03:02,About half an hour maybe. I'm not sure.,,,
me,2015-02-03 22:04:08,Half an hour,,,
Mum,2015-02-03 22:07:28,Ok see you at the pub in half an hour,,,
Mum,2015-02-03 22:34:04,Hi we here at the pub,,,
Mum,2015-02-22 22:39:58,Hi we arrive chch. How are you. Don't forget to take your medicine.  Love you ??,,,
me,2015-02-22 23:16:21,I'm good. I took my medicine. Goodnight. Love you.,,,
Mum,2015-02-23 20:21:13,Hi how are you? How you getting on to your new place.  Did you manage to have something for tea.  Don't forget to locked your room door  just in case you flatmates left the front door open. Love you??,,,
me,2015-02-23 20:22:53,I'm good. I'm getting groceries with courtenay. Love you.,,,
Mum,2015-02-24 20:26:47,Hi how are you? What do had for tea.,,,
me,2015-02-24 22:52:54,I'm good. I had the Japanese curry for tea. What pan do I use for frying the lemon chicken? Love you.,,,
Mum,2015-02-24 23:01:51,Good :-)You use the frying pan we bought.  But wash the new frying pan with warm soapy water n rinse it before you use. Do you buy chicken already? Any question just txt me. Goodnight love you??,,,
me,2015-02-24 23:02:40,Okay. Goodnight. Love you.,,,
Mum,2015-02-24 23:04:12,Are you connected now to internet.  Love you??,,,
me,2015-02-24 23:04:34,Yes,,,
Mum,2015-02-25 20:29:10,Hi how are you? How you get on  cooking your lemon chicken.,,,
me,2015-02-25 20:30:21,I'm good. It was nice. Love you.,,,
Mum,2015-02-25 20:31:14,Hi how are you? How your first day of work  went.  Love you,,,
me,2015-02-25 20:31:57,This is Mahkaila,,,
Mum,2015-02-25 20:35:07,Ha ha must be my eyes.  I try to txt annalee after I txt you. Goo you manage to cooked it well done. Take care. Love you??,,,
me,2015-02-25 20:36:58,Yes.  Love you too.,,,
Mum,2015-02-26 19:34:32,Hi how are you? What you having for tea tonight. :-),,,
me,2015-02-26 19:35:23,I'm good. I bought half price sushi for tea tonight. Love you.,,,
Mum,2015-02-26 19:43:39,Ok .. is your flatmates are nice.  Annalee coming down  tomorrow. Back  at Wellington Sunday.  Do you need anything  I can ask Annalee to bring it for you. Do you need your multi box switch?,,,
me,2015-02-26 19:45:27,Yes they are nice. The multibox would be good. I'm fine for other stuff.,,,
Mum,2015-02-26 19:49:17,Ok take care.:-) look after yourself. Love you xoxox mum n dad??,,,
Mum,2015-02-27 19:59:50,Hi how are you? What  did you have for tea tonight.  Don't forget to take your medicine.  Love you??,,,
me,2015-02-27 20:50:54,I'm good. There was a BBQ at the hall tonight. I will remember. Love you.,,,
Mum,2015-02-27 20:53:58,Ok . Take care:-) love you??,,,
Mum,2015-02-28 19:02:10,Hi how are you? What is your tea tonight.,,,
me,2015-02-28 20:43:46,I'm good. I had dumplings. Love you.,,,
Mum,2015-02-28 20:45:36,Did you bought cooked.,,,
me,2015-02-28 20:46:27,I cooked,,,
me,2015-02-28 20:46:52,I'm very good,,,
Mum,2015-02-28 20:50:25,Good .. do you like guild guide biscuit.  We bought plain one. I will asked Annalee to take it for you.  Take care .. love you??,,,
me,2015-02-28 20:50:58,Yes. Love you,,,
Mum,2015-03-01 12:45:18,I will ask Annalee to take some food for you. I roasted potatoe and Japanese chicken and also beef so if you can wait for annalee you dont have to cooked today n tomorrow.  Aside cranberry sauce you need anything else. Love you??,,,
me,2015-03-01 12:46:22,No I'm good,,,
Mum,2015-03-01 12:50:38,Its ok already done. I made a meal for annalee to take.  You can eat it tomorrow then.,,,
Mum,2015-03-01 13:15:35,You missed a call from +64210500788 on 01-03-2015 at 13:15.,,,
Mum,2015-03-01 15:50:48,Did you check your big computer bag for your drawing Maybe inside the packet.,,,
me,2015-03-01 16:43:29,I don't need the drawings,,,
Mum,2015-03-01 19:41:53,Hi you had your tea. Annalee left just now. She might text you later.  Love you??,,,
me,2015-03-01 19:42:30,Not yet. Okay. Love you.,,,
Mum,2015-03-02 18:16:29,Hi how is your first day at uni. You have no microwave in your flat.,si I want to tell you that when you heat up the food,you take it out from the container then put in the oven proof dish with foil heat it for 15mins. You eat the chicken first,because beef ok till tomorrow just put in the fridge.  Love you??
Mum,2015-03-02 20:45:01,Hi dad asking if you are on your flat now.,,,
me,2015-03-02 20:45:38,Yes,,,
Mum,2015-03-02 20:47:34,Good.. he's happy now. Goodnight love you??,,,
me,2015-03-02 20:48:03,Night. Love you,,,
Mum,2015-03-03 19:45:02,Hi how are you? Do you have your tea. Put money on your account to pay for your accommodation until your student allowance start. Take care love you??,,,
me,2015-03-03 19:46:09,I'm good. I've had tea. Okay. Love you.,,,
Mum,2015-03-03 19:50:16,Ok thanks:-);-),,,
Mum,2015-03-04 20:17:44,Hi how are you?  What did you cooked for your tea tonight.,,,
me,2015-03-04 21:01:16,I'm good. I had lemon chicken for tea tonight. Love you.,,,
Mum,2015-03-04 21:08:17,Good.  Do you need us to send you anything? :-),,,
me,2015-03-04 21:09:11,Not that I can think of,,,
Mum,2015-03-04 21:12:58,Ok let us know if you need anything.  Text me your full mailing address. :-) goodnight love you??,,,
Mum,2015-03-05 19:30:35,Hi how are you.  Could you please ring me when you got a chance. Thanks,,,
Mum,2015-03-06 19:11:34,Hi how are you? Do you have your tea. What you had.,,,
me,2015-03-06 19:12:41,I'm good. I'm having pizza with a friend. Love you.,,,
Mum,2015-03-06 19:13:53,Ok did you ring Linwood medical.,,,
me,2015-03-06 19:14:19,Not yet,,,
Mum,2015-03-06 19:16:12,Ok please let me know when you rang them. Take care . Love you??,,,
Mum,2015-03-07 20:39:16,Hi how are you? What you had for tea tonight,,,
me,2015-03-07 20:40:29,I'm good. I'm having dumplings. Love you.,,,
Mum,2015-03-07 20:43:47,We had dumplings for tea too. I cooked it and we went to Brighton to eat. Love you too??,,,
Mum,2015-03-08 20:12:21,Hi how are you? What you had for tea tonight.,,,
me,2015-03-08 21:56:43,I'm good. I had dinner at annalee's. Love you.,,,
Mum,2015-03-08 21:58:00,Are you at home now.,,,
me,2015-03-08 21:58:24,Yes,,,
Mum,2015-03-08 22:01:29,Did you take taxi or walk home. What Annalee cooked you for dinner,,,
Mum,2015-03-08 22:19:20,Goodnight-:-) love you??,,,
Mum,2015-03-09 20:05:11,Hi how are you? Did you had tea. What do  you cooked tonight.,,,
Mum,2015-03-09 21:17:13,Hi do you get my 3 text.  Why you dont answers it. Are you ok.,,,
Mum,2015-03-09 21:35:14,You missed a call from +64210500788 on 09-03-2015 at 21:35.,,,
me,2015-03-09 22:14:04,Sorry I went out for noodles with Courtney. Love you.,,,
Mum,2015-03-09 22:19:27,That's alright.  Take care. Goodnight:-) love you. .??,,,
Mum,2015-03-10 21:26:20,Hi how are you? What is your tea tonight.  I emailed  your ticket.  Did you got it. Did you call the Linwood medical. Love mum n dad.,,,
me,2015-03-10 21:27:23,I'm good. I had stir fried beef. Not yet. Love you.,,,
Mum,2015-03-10 21:31:06,We sent you a box let us know if you received it.,,,
me,2015-03-10 21:32:22,Okay,,,
Mum,2015-03-11 18:49:38,Its ok to call us,,,
me,2015-03-11 18:50:14,Okay,,,
me,2015-03-11 18:51:35,Do you want me to call you?,,,
Mum,2015-03-11 18:52:19,Yes,,,
Mum,2015-03-12 21:16:40,Why you hang up on me. :-( Love you. ??,,,
Mum,2015-03-13 20:04:36,Hi how are you? What is tea tonight.,,,
me,2015-03-13 20:05:22,I'm good. I had a pork burger with Courtney. Love you.,,,
Mum,2015-03-13 20:08:45,Good.. we having fish n chips at Brighton car park. Take care.. love you too.??,,,
Mum,2015-03-14 20:25:25,Hi how are you? Love you??,,,
Mum,2015-03-14 22:07:51,Hi how are you? Are you alright?  I text you before.  Do you get it. Love you??,,,
me,2015-03-15 0:31:39,I'm good. Sorry,only just saw this.,,
Mum,2015-03-15 10:29:12,Hi did you manage to find optometrists to check your eyesight.,,,
me,2015-03-15 10:29:46,Not yet,,,
me,2015-03-15 10:29:58,I will soon,,,
Mum,2015-03-15 10:31:32,Ok let us know love you,,,
Mum,2015-03-15 20:03:05,Hi how are you. What do had for tea.,,,
Mum,2015-03-16 21:12:19,Hi how are you? What you had for tea.,,,
Mum,2015-03-16 21:28:20,Are you alright.  I text you 3x no reply. Love you ??,,,
me,2015-03-16 21:29:10,I'm good. I'm with annalee right now. Love you.,,,
Mum,2015-03-16 21:32:05,Annalee place.  Please take taxi home.  Too dark to walk home.  Ok.,,,
me,2015-03-16 21:32:22,Okay,,,
Mum,2015-03-17 20:03:41,Hi how are you.? How  was your dinner with Annalee . What are you cooking tonight. ??,,,
me,2015-03-17 20:04:27,I'm good. I got takeaway tonight. Love you.,,,
Mum,2015-03-17 20:07:02,Ok catch you later.  Love you too.??,,,
Mum,2015-03-18 19:15:40,Hi how are you? We got your phone top up,do you received it. What is your tea tonight? ??,,
me,2015-03-18 19:55:53,I'm good. I got the top up. I had sushi for tea. Love you.,,,
Mum,2015-03-18 20:00:43,Love you too.. do you find optometrists. .,,,
me,2015-03-18 20:01:04,Not yet,,,
me,2015-03-18 20:33:23,Fuk yea,,,
me,2015-03-18 20:33:42,Sorry not you,,,
Mum,2015-03-18 20:35:07,Who you texting too.,,,
me,2015-03-18 20:35:33,Courtney.,,,
Mum,2015-03-18 20:36:41,Why you swearing to her.,,,
me,2015-03-18 20:37:12,It was a joke,,,
Mum,2015-03-18 20:38:20,Ok then. You are not fighting.,,,
me,2015-03-18 20:38:48,No,,,
Mum,2015-03-18 20:41:44,Ok goodnight,,,
Mum,2015-03-19 19:46:07,Hi how are you? What is your tea tonight?  Is the hospital rang,if so what they say.,,
me,2015-03-19 20:52:15,I had pizza for dinner. They wanted to book an appointment with the surgeon. They said they would ring me to tell me when. Love you.,,,
Mum,2015-03-19 20:56:57,Ok let us know when. ? Love you too??,,,
Mum,2015-03-20 18:27:01,Can you call me before we watch movie.  If you free.,,,
Mum,2015-03-20 22:57:16,How are you ?  Did you get my txt before.  Can you call me .,,,
me,2015-03-21 1:48:59,I was out with friends tonight. I'll call you tomorrow. Love you.,,,
Mum,2015-03-21 19:18:46,Hi how are you? I been waiting for your phone call since this morning .:'( are you ok.,,,
me,2015-03-21 22:22:48,I had work today sorry. Love you.,,,
me,2015-03-21 22:23:31,Can I call you tomorrow?,,,
Mum,2015-03-21 22:25:37,Do you had your tea. Are you home now.,,,
me,2015-03-21 22:25:55,Yes,,,
Mum,2015-03-21 22:27:23,Ok call me tomorrow.  Goodnight. . Love you??,,,
me,2015-03-21 22:27:35,Love you,,,
Mum,2015-03-22 12:53:42,Hi how are you?  What time you gonna call me.,,,
me,2015-03-22 13:02:50,I'm good. I can call you now if you want,,,
Mum,2015-03-22 13:03:07,You missed a call from +64210500788 on 22-03-2015 at 13:03.,,,
Mum,2015-03-22 13:03:35,Ok,,,
Mum,2015-03-23 20:58:35,Hi how are you. What did you had for tea at Annalee place.  Are you at your place now.,,,
Mum,2015-03-23 22:43:23,Do you get my txt,,,
Mum,2015-03-23 23:10:47,Are you alright.  Why you dont answers my text. Are you home?,,,
Mum,2015-03-23 23:14:59,Good  nice to know. Love you??,,,
me,2015-03-23 23:15:28,Love you,,,
Mum,2015-03-24 20:17:57,Hi how are you? Do you have your tea. Do you pay your rent.,,,
me,2015-03-25 0:33:52,I'm good. I had dumplings for tea. Rent is due on Sunday. Love you.,,,
Mum,2015-03-25 0:36:35,Ok love you too.,,,
Mum,2015-03-25 19:38:12,Hi how are you? Do you had tea?,,,
me,2015-03-25 19:38:58,I'm good. I had noodles for tea. Love you.,,,
Mum,2015-03-25 19:44:14,You said your rent not due until Sunday.  I thought you paying every two weeks.  So it should be due last Monday. Coz 2 weeks since last payment you made.  Love you??,,,
me,2015-03-25 19:51:16,I've paid them now,,,
Mum,2015-03-25 19:53:40,Ok .. goodnight :-) love you??,,,
Mum,2015-03-26 20:39:32,Hi how are you? You had your tea:-),,,
Mum,2015-03-27 18:16:08,Hi how are you? :-),,,
Mum,2015-03-27 19:07:03,Hi are you ok. Do you get my txt last night n today.,,,
me,2015-03-27 20:17:22,Hi. Sorry I was studying. Love you.,,,
Mum,2015-03-27 20:19:39,Ok as long as you alright.  Had your tea. Love you??,,,
me,2015-03-27 20:25:41,Not yet. Love you.,,,
Mum,2015-03-28 20:29:13,Hi how are you..love you '??,,,
me,2015-03-28 20:38:18,I'm good. Love you too.,,,
Mum,2015-03-28 21:30:50,I forgot to asked. . Do you manage to see optometrists.,,,
Mum,2015-03-29 19:40:28,Hi how are you? I know you are busy..make sure you have something to eat. Love you??,,,
me,2015-03-29 19:41:00,I'm good. Love you.,,,
Mum,2015-03-30 20:22:46,Hi how are you. Do you have your tea. Do you manage to see optometrists.  Let me know I will try to get you one here when you come down .love you??,,,
me,2015-03-30 20:23:39,I'm good. Not yet. I might see one in chch. Love you.,,,
Mum,2015-03-30 20:28:18,You dont have tea yet. Do you want us to make appointment to optometrists which one do you want.,,,
Mum,2015-03-30 22:28:39,Are you at your flat now.,,,
Mum,2015-03-30 23:38:27,Are you at your flat now.,,,
me,2015-03-30 23:38:51,Yes,,,
Mum,2015-04-01 19:44:48,Hi how are you? Do had your tea and also do you manage to get blood  test,,,
me,2015-04-01 19:46:39,I'm good. Not yet,I've had a lot of work. Maybe tomorrow or Friday if they are open. Love you.,,
Mum,2015-04-01 19:53:33,May be you can do it here now because your appointment change  to 13  make sure you take the form with you  when you come down.  Love you??,,,
me,2015-04-01 19:54:06,Okay. Love you too.,,,
Mum,2015-04-02 21:23:14,Hi how are you. Do had your tea?,,,
Mum,2015-04-03 20:17:01,Hi how are you. How you getting on. Can you be able to call me.,,,
me,2015-04-03 20:35:51,I'm watching a movie with a friend tonight. Love you.,,,
Mum,2015-04-04 11:33:59,Hi can you call me.,,,
Mum,2015-04-17 17:01:42,Meet us at the hub around pak n save,,,
me,2015-04-17 17:02:08,Okay,,,
Mum,2015-04-18 8:52:38,Hi how are you? Are you at your flat now?,,,
me,2015-04-18 8:53:00,Yes,,,
Mum,2015-04-18 8:55:45,Ok. Have a nice day. :-) love you??,,,
Mum,2015-04-18 15:30:42,Is your phone top up went through,,,
me,2015-04-18 15:31:01,Yes,,,
Mum,2015-04-20 19:06:26,Hi how are you? Do had your tea?,,,
Mum,2015-04-20 21:11:38,Hi did you get my text before.,,,
me,2015-04-20 21:12:39,Sorry only just saw it now. I had the beef you gave me and some noodles. Love you.,,,
Mum,2015-04-20 21:14:33,Are you home now. Did you get the box.,,,
me,2015-04-20 21:15:20,I'm home now and I got the box,,,
Mum,2015-04-20 21:18:46,That's good. I also put money on your account . Goodnight:-) love you??,,,
Mum,2015-04-21 19:29:30,Hi how are you? What you having for tea tonight.,,,
me,2015-04-21 19:30:32,I'm good. I'm having chicken wraps for tea. Love you.,,,
Mum,2015-04-21 19:33:30,That's good:-) too cold today keep warm.  Love you too??,,,
Mum,2015-04-22 20:07:17,Hi how are you? What you had for tea.,,,
me,2015-04-22 20:08:54,I'm good. I had the Japanese curry for tea. Love you.,,,
Mum,2015-04-22 20:16:55,That's good. Can I ask a favour. When you are not busy can you copy me a photo of Annalee graduation coz the copy you made before cannot open the usb damage. I will give you money to buy new usb. Thanks:-):-) love you??,,,
me,2015-04-22 20:18:06,Okay. Love you.,,,
Mum,2015-04-23 20:05:16,Hi how are you? What you had for tea.,,,
Mum,2015-04-24 12:51:05,Hi how are you? Did you get my txt last night. :-);-),,,
me,2015-04-24 12:52:19,Sorry. Didn't hear it go off. I'm good. Love you.,,,
Mum,2015-04-24 12:53:53,Its ok as long as you ok. Love you too??,,,
Mum,2015-04-24 19:50:37,Hi how are you? Do you felt the earthquake today. What you had for tea.,,,
me,2015-04-24 21:21:08,I'm good. Yes I felt it. I got subway for tea. Love you.,,,
Mum,2015-04-24 21:23:47,Are they strong. Take care. Love you??,,,
me,2015-04-24 21:32:00,No. Love you.,,,
Mum,2015-04-25 14:08:21,Hi how are you. Which coffee did you buy last time you here.,,,
me,2015-04-25 14:37:03,I'm good. Mochaccino?,,,
Mum,2015-04-26 20:54:37,Hi how are you? What you had for tea tonight.,,,
me,2015-04-26 20:55:39,I'm good. I had chicken for tea tonight. Love you.,,,
Mum,2015-04-26 20:58:48,Its good:-) goodnight:-) love you too??,,,
Mum,2015-04-27 20:37:18,Hi how are you. What you had for tea. Me n dad when at the tai tapu pub with other Jones's,,,
Mum,2015-04-28 18:27:39,Hi how are you? I text you last night no answers.  We saw flood at kelburn. Its near to your place.  What is tea tonight.,,,
me,2015-04-28 18:28:39,I'm good. It's not flooding where I am. I'm having a bagel. Love you.,,,
Mum,2015-04-28 18:30:08,Ok that's good. Love you too??,,,
Mum,2015-04-29 21:55:32,Hi how are you?  What do had for tea tonight.  Love you.??,,,
me,2015-04-29 21:56:11,I'm good. I had dumplings. Love you.,,,
Mum,2015-04-30 18:46:30,Hi how are you today.  What you plan for tea. You still taking your medicine.,,,
Mum,2015-05-01 21:09:11,Hi how are you. Did you get my txt last night.,,,
me,2015-05-01 23:27:11,Sorry. My phone was in my bag and I didn't see your text until now. I'm good. I'm taking my medicine. Love you.,,,
Mum,2015-05-02 19:41:04,Hi how are you today.  Is your glasses still ok. What you had for tea tonight.  Love you??,,,
me,2015-05-03 0:57:29,I'm good. I have lots of uni work. My glasses are good I had half price sushi for tea. Love you.,,,
Mum,2015-05-03 20:02:09,Hi how are you. What do had for tea:-);-),,,
me,2015-05-03 20:14:31,I'm good. I had dumplings for tea. Love you.,,,
Mum,2015-05-03 20:19:46,Ok look after yourself.  Are you short of anything. Let us know.  Love you ??,,,
Mum,2015-05-04 22:08:08,Hi how are you?  What you had for tea tonight. Take care. :-);-) love you??,,,
me,2015-05-04 22:08:51,I'm good. I had noodles. Love you.,,,
Mum,2015-05-04 22:11:08,Do you need some more food . Text me what you need. Love you too.,,,
Mum,2015-05-05 21:19:31,Hi how are you. What you had for tea. Love you..??,,,
Mum,2015-05-06 20:08:12,Hi how are?  Did you get my txt n dad txt yesterday.  Are you alright.  What do have for tea . Still busy. Love you??,,,
me,2015-05-06 20:09:38,I'm good. I had japanese curry for tea. I still have a lot of work. Love you.,,,
Mum,2015-05-07 20:35:27,Hi how are you today. What do you have for tea. Love you??,,,
me,2015-05-07 20:36:13,I'm good. I had a burger for tea. Love you.,,,
Mum,2015-05-08 21:17:23,Hi how are you?  What is your tea tonight. Do you need anything food that you short of. Love you.??,,,
me,2015-05-09 0:00:39,I'm good. I had pancakes. No,I'm fine. Love you.,,
Mum,2015-05-09 20:12:08,Hi how are you today? What you having for dinner.  If you dont have time to cook just buy takeaway. Love you.??,,,
me,2015-05-09 20:12:57,I'm having dumplings. Love you.,,,
Mum,2015-05-09 20:15:03,Are you alright?,,,
me,2015-05-09 20:22:01,I'm good. Love you.,,,
Mum,2015-05-11 19:19:41,Hi how are. What you having for tea tonight. Love you.,,,
me,2015-05-11 19:20:38,I'm good. I'm having squid tonight. Love you.,,,
Mum,2015-05-11 19:22:42,Who cooked it or you bought it cooked. Funny I had squid tonight.,,,
Mum,2015-05-12 19:44:08,Hi how are you? Had flood in Wellington today hope you far away from it. What do have for tea. Love you ??,,,
me,2015-05-12 21:34:42,I'm good. I'm not near the floods. Love you.,,,
Mum,2015-05-14 19:03:16,Hi how are you today? Flooded in Wellington.  Are affected?  What you having for tea tonight.  Love you??,,,
me,2015-05-14 19:05:48,I'm good. I'm having potato fritters for tea. I'm not affected by the floods. Love you.,,,
Mum,2015-05-15 19:01:14,Hi how are you? Still have bad weather over there.  We have also bad weather here. Do you felt the earthquake over there.  What you having for tea. Love you ??,,,
me,2015-05-15 19:03:12,I'm good. It's still raining. I didn't feel the earthquake. I'm having noodles for tea. Love you.,,,
Mum,2015-05-17 20:24:49,Hi how you? What you had for tea.,,,
me,2015-05-17 20:25:35,I'm good. I had bagels for tea. Love you.,,,
Mum,2015-05-17 20:27:51,Is that only you get,what is in it. I thought you went to Annalee for tea today.,,
me,2015-05-17 20:29:34,Bacon onion and lettuce. I'm going on Tuesday. They have to clean up tonight for their flat inspection.,,,
Mum,2015-05-17 20:32:24,Alright please dont starve yourself.  Love you too??,,,
Mum,2015-05-18 15:08:51,Hi I top up your phone let me know if you got it.,,,
me,2015-05-18 15:09:17,I got it,,,
Mum,2015-05-18 20:10:47,Hi how are you? What you had for tea tonight? Love you??,,,
Mum,2015-05-18 21:16:15,Are you alright.  Did you get my txt before.,,,
me,2015-05-18 21:17:23,I'm good. I didn't hear my phone. I had takeaway noodles tonight. Love you.,,,
Mum,2015-05-19 19:25:26,Hi how are you? What you have for tea.,,,
Mum,2015-05-20 19:27:11,Hi how are you. What you having for tea today. :-),,,
Mum,2015-05-20 20:57:12,Hi how are you. Are you ok. Did you get my first txt. What you had for tea today.  Love you??,,,
me,2015-05-20 20:59:09,I'm good. I had japanese curry for tea. Sorry,didn't hear the first text. Love you.,,
Mum,2015-05-21 19:17:00,Hi how are you today.  What you having for tea.,,,
me,2015-05-21 20:02:08,I'm good. I had BBQ pork for tea. Love you,,,
Mum,2015-05-21 20:06:17,That's good. Dad had 2 tooth extraction today. He feel sore but he's fine.  Love you too.,,,
Mum,2015-05-22 19:20:21,Hi how are you today? What you have for tea. You have mail from IRD do you want me to open.,,,
me,2015-05-22 19:21:28,I'm good. Haven't had dinner yet. You can open it. Love you.,,,
Mum,2015-05-22 19:25:13,Ok. Do you hear from Annalee she's not feeling well for a couple of days. Love you too??,,,
Mum,2015-05-24 21:43:58,Hi how are you? What do have for tea. Love you??,,,
Mum,2015-05-25 19:02:49,Hi how are you? We hope you are fine. I text you last night but you don't respond. What you have for tea. Hope you keep yourself warm.  Love you??,,,
me,2015-05-25 19:04:06,I'm good. I was at annalee's. I had chicken. I got the parcel. Thanks. Love you.,,,
Mum,2015-05-25 19:06:27,Did you got your parcel today. Did you find the card inside.,,,
me,2015-05-25 19:06:47,Yes thanks,,,
Mum,2015-05-25 19:11:35,Your welcome.  I will try to top the $20 on your birthday. Love you??,,,
Mum,2015-05-26 18:46:54,Hi how are you? Are you warm enough. What you having for tea. When is your next school break,do want to come down let us know,sometime there is cheap fair come up. Love you??,
Mum,2015-05-26 23:27:32,Hi did you get my txt.  Are you ok.,,,
me,2015-05-26 23:29:07,Sorry I didn't hear my phone before. I'm good. I had dumplings for tea. I'm not sure when my break is. I'll look it up soon. Love you.,,,
Mum,2015-05-27 19:54:35,Hi how are you? Hope you warm enoug,very cold today. What do you have for tonight.  Love you??,,
me,2015-05-27 19:58:37,I'm good. I had sushi for tea. Love you.,,,
Mum,2015-05-28 20:08:41,Hi how are you today? What do you have for tea tonight.  Do you received aunty Terri card? I also put turkish delight.  Hope you got it. Love you??,,,
Mum,2015-05-30 19:05:51,Hi how are you? What did you do on your birthday. Love you??,,,
me,2015-05-30 19:07:48,I'm good. I got dinner with some friends. Love you.,,,
Mum,2015-05-30 19:09:25,Good. What is your tea tonight,,,
me,2015-05-30 19:10:18,Not sure yet. Will probably get a takeaway tonight.,,,
Mum,2015-05-31 19:53:32,Hi how are you? What you had for tea tonight. Love you??,,,
Mum,2015-05-31 20:55:52,Hi are you ok. Do you get my txt.,,,
Mum,2015-06-01 20:34:02,Hi how are you? What do had for tea . Love you??,,,
me,2015-06-01 20:35:06,I'm good. I had dumplings. Love you.,,,
Mum,2015-06-02 21:56:29,Hi how are you? What do had for tea tonight. Love you??,,,
me,2015-06-02 21:57:34,I'm good. I had curry for tea. Love you,,,
Mum,2015-06-03 20:57:49,Hi how are you? What is your tea tonight?  How much medicine you have. Do you heard from hospital.  Love you??,,,
Mum,2015-06-04 19:05:22,Hi how are? Are you ok.. I text you last night but you don't respond.  What you having for tea today. Love you.,,,
me,2015-06-04 19:06:42,I'm good. I'm going to have a burger for tea. Love you.,,,
Mum,2015-06-05 20:07:52,Hi how are you? Is everything is ok. Very cold here at the moment. How about you warm enough.  What you have for tea:-);-) love you ??,,,
Mum,2015-06-06 11:20:43,Hi how are you. I text you last night. Did you get it. Love you??,,,
me,2015-06-06 12:50:10,Yeah sorry. Didn't hear my phone go off. Love you.,,,
Mum,2015-06-07 19:48:30,Hi how are you? Are you at Annalee place. What you had for tea.,,,
Mum,2015-06-08 14:16:48,Hi how are you? Have you found when your holidays r cheap tickets r selling fast love mum n dad,,,
me,2015-06-08 14:18:21,26th - 10th,,,
Mum,2015-06-08 14:20:25,Ok thanks,,,
Mum,2015-06-08 14:28:29,Hi can I booked you on 27 jun back on 11 jul is this date ok if I get it. Pls answers quick,,,
me,2015-06-08 14:28:49,Yes,,,
Mum,2015-06-08 15:26:21,Hi I emailed your ticket pls let me know if you received it.,,,
me,2015-06-08 19:39:43,Yes I've got it. Love you,,,
Mum,2015-06-08 19:44:00,Good .. so you coming down 27 June sat. And back 11 July.  Dad sent a hard copy as well. What do you had for tea? Are you alright. :-);-) love you too??,,,
me,2015-06-08 19:55:15,I'm good. I'm having dumplings for tea. Love you.,,,
Mum,2015-06-09 18:07:36,Hi how are you? What you having for tea . Did you wish dad happy bday,,,
Mum,2015-06-11 20:26:10,Hi how are you? I know now why you want us to go to pizza hut. What do had for tea tonight.  Love you??,,,
Mum,2015-06-11 22:23:45,Hi did you get my first text.,,,
Mum,2015-06-11 22:24:04,Are you ok,,,
me,2015-06-11 22:25:25,Yes sorry was having dinner with Courtney and forgot to reply. I'm good. We had Cornish pasties. Love you.,,,
Mum,2015-06-12 20:12:04,Hi how are you? Christchurch is very cold at the moment. What about  Wellington are they cold . What you had for tea.,,,
me,2015-06-12 20:12:59,I'm good. It's not too cold. I had wedges for tea. Love you.,,,
Mum,2015-06-12 20:14:42,That's good..love you??,,,
Mum,2015-06-13 20:09:44,Hi how are you? What you have for tea.  How do you do your banana splits. I want to make one tonight.  Love you??,,,
me,2015-06-13 20:11:53,I'm good. I'm having dumplings. Annalee just microwaves a banana with chocolate on top and then serves it with ice cream and cinnamon. Love you.,,,
Mum,2015-06-13 20:13:24,Ok thanks you.,,,
Mum,2015-06-14 19:26:19,Hi how are you? Are you having tea at Annalee's place. What she cooked. Say hello to her from us. Love you both??,,,
Mum,2015-06-15 20:52:36,Hi how are you? Dad saw a big waves in news at Wellington did you saw it. What do you have for tea. Love you??,,,
me,2015-06-15 20:54:02,I'm good. Those waves were too far from the city to see them. I had pizza for tea. Love you.,,,
Mum,2015-06-16 19:14:26,Hi how are you? Have your tea what you had. Love you??,,,
Mum,2015-06-17 20:06:06,Hi how are you?  Are you ok. I text you last night you didn't respond. What you have for tea tonight.  Love you ??:-),,,
Mum,2015-06-18 19:51:16,Hi how are you? Are you warm enough.  Whar you have for tea. Love you??,,,
me,2015-06-18 19:52:12,I'm good. I am warm. I had dumplings for tea. Love you.,,,
Mum,2015-06-19 19:04:41,Hi how are you? What you having for tea. Are you taking your medicine.  How many do you think left. Love you??,,,
me,2015-06-19 19:06:18,I'm good. I'm having curry for tea. I think I have about 40-50 left. Love you.,,,
Mum,2015-06-22 20:00:14,Hi how are you did you go to Annalees on Sunday have you got things ready for coming down on Saturday love mum and dad what u having for tea?,,,
Mum,2015-06-22 22:37:45,Hi dad texr you on my phone. Did you get it. How are you. Are you ok. Love you ??,,,
Mum,2015-06-22 22:40:36,You missed a call from +64210500788 on 22-06-2015 at 22:40.,,,
Mum,2015-06-24 22:13:53,Hi how are you? Christchurch is cold. How cold in Wellington.  What do you had for tea . Love you??,,,
me,2015-06-24 22:14:49,I'm good. I had curry for tea. Love you.,,,
Mum,2015-06-25 14:46:36,Hi did you get your phone top up.,,,
me,2015-06-25 17:53:54,Yes thanks,,,
Mum,2015-06-25 18:17:57,Its ok.. how are you?  What you having for tea. Love you??,,,
me,2015-06-25 18:18:40,I'm good. I'm getting tea out with Courtney. Love you.,,,
Mum,2015-06-26 19:57:06,Hi how are you? What you have for tea? Are you packed for tomorrow.  See you tomorrow.  Love you??,,,
Mum,2015-06-27 11:57:27,Hi how are you? Dad asking if you at the  airport now.,,,
me,2015-06-27 12:51:00,On the plane,,,
me,2015-06-27 22:16:24,Can you pick me up at McDonald's riccarton rd,,,
me,2015-06-27 22:16:41,Near st George's hospital,,,
me,2015-06-27 22:17:03,I mean papanui rd,,,
Mum,2015-06-27 22:17:43,Now,,,
Mum,2015-06-27 22:19:54,,,,
me,2015-06-27 22:20:15,Yes,,,
Mum,2015-06-27 22:21:40,On the way now be there 20min or less,,,
Mum,2015-06-27 22:33:36,We here,,,
Mum,2015-07-09 17:40:32,Hi we are in a traffic jam text you when we closer,,,
Mum,2015-07-09 17:57:40,You missed a call from +64210500788 on 09-07-2015 at 17:57.,,,
Mum,2015-07-11 8:39:33,You missed 2 calls from +64210500788 .The last was on 11-07-2015 at 08:39.,,,
me,2015-07-11 8:45:22,I'm in wellington now. My flight was delayed a bit.,,,
Mum,2015-07-11 19:07:28,Hi how are you?  Did you take it out your dinner from suitcase and heated up. Did Annalee got her sausages?,,,
me,2015-07-11 19:08:48,Yep. Not yet. I put them in the freezer and I'm going to give them to her tomorrow. Love you.,,,
Mum,2015-07-15 18:53:00,Hi how are you?  What you have for tea tonight.  Do you received the charger.  And also do you make appointment to see doctor for your blood test and medicine. Let me know how much you spent for doctor I will put it on your account.  Take care . Love you..,,,
me,2015-07-15 18:55:00,I'm having pizza with Courtney. I'm going on friday. I'll text you back. Love you.,,,
Mum,2015-07-15 18:56:55,Did you received the charger?  Dad asking.,,,
me,2015-07-15 18:57:22,Yes I did thank you,,,
Mum,2015-07-16 21:51:58,Hi how are you?  What you had for tea. Did your flatmates comes.  How many flatmates you have now. Love you.,,,
Mum,2015-07-17 18:43:32,Hi how are you. Do you received my text last night. What you having for tea tonight.  Did you see doctor today.  Love you.,,,
me,2015-07-17 18:45:04,I'm good. I only saw it this morning sorry. I'm having fish tonight. No I'm going next week. Love you.,,,
Mum,2015-07-18 13:29:13,Did you get your phone top up,,,
Mum,2015-07-18 13:51:35,You missed a call from +64210500788 on 18-07-2015 at 13:51.,,,
me,2015-07-18 13:52:00,Yes,,,
me,2015-07-18 13:52:19,Sorry couldn't find my phone,,,
Mum,2015-07-18 13:53:51,Where is your phone. Are you still sleep?,,,
me,2015-07-18 13:54:49,I dropped it behind my bed. It is in my hand now. I am using it to text you. I am awake.,,,
Mum,2015-07-18 13:57:54,Ok have a nice day. How many flatmates you have.  Love you??,,,
me,2015-07-18 13:58:19,4. Love you,,,
Mum,2015-07-18 19:28:15,Hi how are you? What you have for tea. Love you??,,,
me,2015-07-19 13:19:40,I was watching a movie last night with friends so I didn't see this until now sorry. I'm good. I had fish and chips. Love you.,,,
Mum,2015-07-19 13:21:54,Its ok . Everything ok for you. Im going to work now. I love you??,,,
Mum,2015-07-22 17:45:07,Hi how are you? Do you manage to go to doctor.,,,
Mum,2015-07-23 0:16:59,Hi how are you.do you received my first text.,,,
me,2015-07-23 0:17:41,I'm good. Sorry didn't ser this,,,
me,2015-07-23 0:18:05,Until now. I'm booking the doctor for Friday,,,
me,2015-07-23 0:18:13,Love you,,,
Mum,2015-07-23 0:22:02,Ok love you too. Don't forget you are for blood test. Make sure you asked for prescription for your medicine.  You bring your medicine bottle to show. Take care .??,,,
Mum,2015-07-23 19:52:35,Hi how are you? What you having for tea?  What time you going to doctor tomorrow.  Love you ??,,,
me,2015-07-23 19:54:04,I'm having McDonalds for tea tonight. I'm going to the doctor's in the afternoon. Love you.,,,
Mum,2015-07-24 18:27:16,Hi how are you. Do you manage to go to doctor today.,,,
me,2015-07-24 18:29:15,I'm good. I've been busy so I booked for next wednesday. Love you.,,,
Mum,2015-07-24 18:32:57,You have to make a time for it. You are well over due of blood test and your pills be running out soon.  Doesnt take you  long to see doctor.,,,
Mum,2015-07-25 11:25:34,Hi how are you? I put money on your account. I put extra $50 for the doctor. Please go to the doctor.  Love you??,,,
Mum,2015-07-25 19:57:35,Hi how are you?  What is your tea tonight.  Did you get my text before.  Love you??,,,
me,2015-07-25 20:54:28,Yes. I had lemon chicken for dinner. Love you.,,,
Mum,2015-07-28 22:36:26,Hi how are you.  What you have for tea . So you going to the doctor tomorrow,don't forget blood test and prescription for your medicine.  Love you.??,,
me,2015-07-28 22:41:03,I'm good. I had sushi. I won't forget. Love you.,,,
Mum,2015-07-29 20:54:41,Hi how are you? Did you went to doctor. How you get on. What you had for tea? Love you.??,,,
Mum,2015-07-30 0:09:46,Hi how are you?  Are you ok. Did you received my text before,,,
me,2015-07-30 0:11:01,I'm good. Sorry I was at annalee's. It went good. Love you.,,,
Mum,2015-07-30 0:13:33,Did you had blood test and get prescription for your pills.,,,
me,2015-07-30 0:13:54,Yes,,,
Mum,2015-07-30 0:15:28,Ok love you??,,,
Mum,2015-07-30 20:58:45,Hi how are you? What you had for tea today?  Annalee is here,what you fancy  that she can bring for you when she come back. Love you??,,
me,2015-07-30 21:00:12,I'm good. I had pie. Can I get some peanut butter? Love you.,,,
Mum,2015-07-30 21:01:53,Ok anything else you like.,,,
me,2015-07-30 21:02:36,Not that I can think of at the moment,,,
Mum,2015-07-30 21:05:15,Ok if think anything else. Let me know before she come back. She be back Tuesday night,,,
Mum,2015-07-31 18:48:56,Hi how are you?  What you having for tea tonight.  Do you think other thing you want that Annalee can take when she come back. Love you??,,,
me,2015-07-31 18:50:06,I'm good. I had left over pie. Can I have some jam and conditioner. Love you,,,
Mum,2015-07-31 18:51:56,What flavour of jam you want.,,,
me,2015-07-31 18:52:14,Plum,,,
Mum,2015-07-31 18:55:09,Ok . Love you??,,,
Mum,2015-08-01 19:03:38,Hi how are you?  What you have for tea. Do you want potatoe round.  I will make and ask Annalee to bring it . Love you??,,,
me,2015-08-01 19:06:27,I'm good. I had dumplings. Yeah I'll have some potato rounds. Love you.,,,
Mum,2015-08-04 23:06:27,Hi how are you? Did you got the food yet . Love you ??,,,
me,2015-08-04 23:07:42,I'm good. Not yet I'm going there tomorrow. Love you.,,,
Mum,2015-08-05 18:53:42,Hi how are you. What you having for tea. I sent beef steak just cook rice in a packet if you still some. Love you??,,,
me,2015-08-05 18:56:39,I'm good. I am having the beef for tea. Love you.,,,
Mum,2015-08-05 19:10:53,Ok if you have some left over make sure  you keep it inside fridge and heat it in your fryingpan in low heat. Your potatoe round same.,,,
Mum,2015-08-06 20:01:26,Pls ring when you free,,,
Mum,2015-08-06 21:22:05,Hi there is flight tuesday 01 September  to Sunday 06 September.  Is this alright for you. Let me know soon.,,,
me,2015-08-06 21:22:36,That's good,,,
Mum,2015-08-07 20:55:22,Hi how are you? What you had for tea. Do you manage to get blood test.  I also emailed you the ticket do you get it. Love you ??,,,
Mum,2015-08-08 14:08:54,Hi how are you? Did you get my text last night.,,,
me,2015-08-08 14:10:57,"I""m good. I was at the hall cocktail party so I didn't see it sorry. Yes I got my blood test. I got the tickets too. Love you.",,,
Mum,2015-08-13 18:26:48,Hi how are you ?  What you having for tea. Dad sent the copy of your ticket hope you get it. Love you ??,,,
Mum,2015-08-13 19:48:41,Hi long time never hear from you. Do you get my text before.  How are you. What you had for tea?,,,
me,2015-08-13 19:49:46,Yes I got it. I'm good. I had lemon chicken for tea. Love you.,,,
Mum,2015-08-14 21:03:29,Good evening,how are you.  What you had for tea?  Dad asking if you received the ticket he mailed.  Love you??,,
me,2015-08-14 21:10:15,I'm good. Yes I received it. I had pizza for tea. Love you.,,,
Mum,2015-08-15 19:07:09,Hi how are you? What you have for tea.  Very cold here in chch. What is look like over there.  Are you warm enough.  Love you??,,,
me,2015-08-15 19:08:19,I'm good. I'm getting Chinese for dinner. It's not too cold. Love you.,,,
Mum,2015-08-20 18:39:39,Hi how are you? What you having for tea?  Sorry I don't text you last night. I got busy to help dad to organize his medicine. His been to hospital he has diabetes type 2.  His sugar so high he need to have emergency insulin injection.  He is ok  but he is now need to have injection everyday. Take care yourself.  Love you??,,,
Mum,2015-08-20 19:28:17,Hi did you got your top up,,,
me,2015-08-20 19:29:09,Yes thanks,,,
Mum,2015-08-21 18:52:26,Hi how are you. You had your tea. What did you had for tea. Love you-??,,,
me,2015-08-21 18:53:20,I'm good. I had dumplings. Love you.,,,
Mum,2015-08-22 19:11:49,Hi how are you? What you had for tea tonight. Love you??,,,
me,2015-08-22 19:40:00,I'm good. I had fish. Love you.,,,
Mum,2015-08-27 19:00:54,Hi how are you? Are you warm enough.  What you having for tea.,,,
me,2015-08-27 19:21:11,I'm good. I am warm enough. I had burritos for tea. Love you.,,,
Mum,2015-08-28 20:10:05,Hi how are you? What you had for dinner?  Love you??,,,
me,2015-08-28 21:29:00,I'm good. I had pizza for tea. Love you.,,,
Mum,2015-08-30 18:53:55,Hi how are you? Are you having tea at Annalee place. What she made for you. See you Tuesday.  Say hello to Annalee.  Love you??,,,
Mum,2015-09-03 11:59:08,We done at pak n save where are you,,,
me,2015-09-03 11:59:37,Coming,,,
Mum,2015-09-04 14:34:09,We finished where we meet you.,,,
Mum,2015-09-06 10:08:33,Hi how are you? Are you at Wellington now. Love you??,,,
me,2015-09-06 10:35:39,I'm in wellington now. Flight was delayed.,,,
Mum,2015-09-06 10:38:01,Why is delayed for nearly 1hrs  n 30min..do you have good flight.,,,
me,2015-09-06 10:39:01,There was a problem with the first plane so they switched to another.,,,
Mum,2015-09-06 10:41:48,Ah ok. So you wait for long time. Are you at your flat now.,,,
me,2015-09-06 10:42:06,Nearly,,,
Mum,2015-09-06 11:12:17,Dad asking if you are at your flat yet. Make sure you take out all the food on your suitcase.  Love you,,,
me,2015-09-06 11:13:04,Yes I'm here. I will. Love you.,,,
Mum,2015-09-06 11:14:24,Ok have a good day.:-);-),,,
Mum,2015-09-06 23:32:50,Dad said you walking home late are you at your flat now. Love you??,,,
me,2015-09-06 23:33:25,Yes. Love you.,,,
Mum,2015-09-09 10:27:42,Hi how are you?  Please call IRD regarding your tax . Tell  them you don't have any other income. You dont need to file the ir3. You have to call them today otherwise they send you penalty. IRD phone no. 0800377774 . Your IRD no. 78809841. Any question pls call me. Love you.,,,
me,2015-09-09 10:29:06,Okay. Love you.,,,
Mum,2015-09-09 22:48:56,Hi how are you? What you had for tea . Did manage to call IRD . Love you??,,,
me,2015-09-09 22:50:53,I'm good. I had subway for tea. I filled out the form because I had to declare the work I did for safe in the holidays. Love you.,,,
Mum,2015-09-09 22:54:12,The animals one. How much you earned.  Do you owe tax to the IRD.,,,
me,2015-09-09 22:55:15,250ish. No I got a $25 refund.,,,
Mum,2015-09-09 22:56:53,So you done it on line.,,,
me,2015-09-09 22:57:44,Yes,,,
Mum,2015-09-09 22:59:14,Ok goodnight.  Love you,,,
me,2015-09-09 23:00:00,Love you,,,
Mum,2015-09-10 20:53:21,Hi how are you.  What you had for tea tonight.  Christchurch have terrible weather.  How about there did you have nice weather.  Love you??,,,
me,2015-09-10 20:54:33,I'm good. I had sushi. It's raining in Wellington. Love you.,,,
Mum,2015-09-11 18:15:31,How you get with hospital.  Pls call me.,,,
me,2015-09-12 1:46:59,Sorry I bumped my phone,,,
Mum,2015-09-12 19:52:38,Hi how are you? What did you had for tea tonight.  You gave me a fright early this morning . Where  were  you when your phone rang. Love you??,,,
me,2015-09-12 19:54:15,I'm good. I had dumplings. Sorry. I was out with Courtney. Love you.,,,
Mum,2015-09-14 9:00:00,Hi how are you? Don't forget to call the hospital today.  Otherwise they might drop you off on the waiting list. Love you??,,,
Mum,2015-09-14 12:52:59,Hi how are you? Did you get my message this morning.,,,
Mum,2015-09-14 12:52:59,Hi how are you? Did you get my message this morning.,,,
me,2015-09-14 16:08:35,Yes. I was in class sorry. I will. Love you.,,,
Mum,2015-09-15 22:41:41,Hi how are you. What you had for tea. Do you ring the hospital.  You have letter from them. Saying put you on 4 months waiting list. Love you??,,,
me,2015-09-15 22:43:42,I'm good. I had a wrap. I told them I would be done with uni in November.  Love you.,,,
Mum,2015-09-16 20:18:58,Hi how are you? What you had for tea today. Do you need anything. Love you??,,,
me,2015-09-16 20:48:19,I'm good. I had fish and chips for tea. Nothing I can think of. Love you.,,,
Mum,2015-09-17 20:08:43,Hi how are you? What you had for tea? We had tsunami warning here at lyttelton. I told to Annalee stay with you if they have warning at Wellington.  Because you are on hills.  Love you??,,,
Mum,2015-09-17 21:12:43,Hi how are you.  Are you ok. Did you got my text before.,,,
Mum,2015-09-18 15:36:05,Hi how are you? Did you get the top up. Cheers. .,,,
me,2015-09-18 15:36:55,I got the top up thanks,,,
Mum,2015-09-19 19:30:58,Hi how are you? How is your cold is it getting better?  Dad said go to the doctor.  What you have for tea tonight.  Love you??,,,
me,2015-09-19 19:32:12,I'm good. It's getting better. I haven't had tea yet. Love you.,,,
Mum,2015-09-19 19:35:37,Ah! Nearly 8 pm. You are not hungry.  It raining there. Its raining here.,,,
me,2015-09-19 19:36:20,No it's not raining. Love you.,,,
Mum,2015-09-24 21:04:17,Hi how are you. What do you have for tea . Love you.??,,,
me,2015-09-24 21:05:14,I'm good. I had fish. Love you.,,,
Mum,2015-09-25 19:38:10,Hi how are you? What you having for tea. Is your cold gone. Love you??,,,
me,2015-09-25 19:39:20,I'm good. I had sushi. Nearly gone. Love you.,,,
Mum,2015-09-28 22:57:37,Hi how are you?  What you had for tea tonight.  Did you go to Annalee place for tea yesterday. Love you??,,,
me,2015-09-28 22:58:40,I'm good. I had chicken for tea. Yes. Love you.,,,
Mum,2015-10-01 20:00:25,Hi how are you. What you having for dinner.  I got flight we coming on 12 November and back to Christchurch with you on 14 November. Is this ok. Coz Sunday I have work. Love you??,,,
Mum,2015-10-03 20:34:05,Hi how are you? What you had for tea. Love you??,,,
me,2015-10-03 20:35:11,I'm good. I had japanese curry. Love you.,,,
Mum,2015-10-06 19:43:23,Hi how are you? What you having for tea tonight?  Is your cold gone now love you??,,,
me,2015-10-06 19:44:48,I'm good. I had fried rice for tea. My cold is gone. Love you.,,,
Mum,2015-10-07 20:58:09,Hi how are you?  What you have for tea tonight.  Did you tell Annalee that we coming on 12 November for 2 days. Love you??,,,
me,2015-10-07 20:59:18,I'm good. I had sushi. No I don't think I did. I thought she knew. Love you.,,,
Mum,2015-10-08 20:22:17,Hi how are you? What you have for tea today.  Love you??,,,
Mum,2015-10-09 19:41:57,Hi how are you? What you have for tea tonight. Last night I text you you don't answer.  Are you ok. Love you??,,,
me,2015-10-09 19:43:01,I'm good. I had chicken fried rice. My phone was in my bag sorry. Love you.,,,
Mum,2015-10-10 21:07:14,Hi how are you? What you had for tea tonight.  Love you??,,,
me,2015-10-10 21:08:06,I'm good. I had dumplings. Love you.,,,
Mum,2015-10-13 20:01:26,Hi how are you? What you have for tea. Love you??,,,
me,2015-10-13 20:02:18,I am good. I had noodles. Love you.,,,
Mum,2015-10-14 22:13:01,Hi how are you?  What you had for tea. Love you??,,,
Mum,2015-10-15 20:04:05,Hi how are you? I text you last night but you don't answer.  Hope you ok. Do you had tea. What you had. Love you??,,,
me,2015-10-15 20:05:20,I'm good. Sorry I didn't see it until this morning. I had dumplings for tea. Love you.,,,
Mum,2015-10-16 20:16:15,Hi how are you.what you had for tea. Love you??,,,
Mum,2015-10-17 12:08:56,You missed a call from +64210500788 on 17-10-2015 at 12:08,,,
Mum,2015-10-17 12:12:02,Hi how are you? I txt you last night you don't reply. And try to ring you today no answers.  Are you ok.,,,
me,2015-10-17 12:23:33,I'm good. Sorry it was my friend's birthday last night. I was in the shower just now. We had pizza. Love you.,,,
Mum,2015-10-18 13:43:13,Hi how are you. Do you get the top up. Love you??,,,
me,2015-10-18 13:44:53,I'm good. Yes I got the top up. Thanks. Love you.,,,
Mum,2015-10-22 20:42:36,Hi I was thinking if you can go without your computer we might ask the noel leeming  because  is only 6 months since you bought it. Still under guarantee. If you repair it there they will loose the guarantee.  So if you can go without it just use Annalee to finished your homework.  I found the receipt you bought it april. Love you ??,,,
me,2015-10-22 20:43:41,Okay sounds good. Love you.,,,
Mum,2015-10-23 20:51:55,Hi how are you?  What you had for tea tonight. Make sure you have something to eat. Love you ??,,,
me,2015-10-23 21:16:30,I'm good. I had a salmon bagel for tea. Love you.,,,
Mum,2015-10-24 19:39:32,Hi how are you. What you having for tea tonight? Love you??,,,
Mum,2015-10-25 14:18:42,Hi how are you? Did you get my text last night.  Love you??,,,
me,2015-10-25 15:41:15,I'm good. Sorry I didn't see it last night. Love you.,,,
Mum,2015-10-29 12:30:41,Hi how are you? How you get on regarding your flat meeting.  Call me if you have time. Love you.??,,,
me,2015-10-29 12:31:57,It was good. Can I call you tonight? I am busy right now. Love you.,,,
Mum,2015-10-29 12:33:05,Ok. You can call me tonight.,,,
Mum,2015-10-29 20:41:53,Hi how are you? Are you going to ring us? Love you??,,,
me,2015-10-29 21:04:03,I'm good. I'm still finishing off some work. Can I call you at 10?,,,
Mum,2015-10-29 21:04:57,Yes ok,,,
me,2016-02-11 15:36:24,Can you pick me up outside the museum in 20 mins?,,,
Mum,2016-02-11 15:37:39,Ok  see you,,,
Mum,2016-02-11 20:21:34,We are at countdown do need something to take at Wellington.,,,
Mum,2016-02-11 20:46:46,We finished where are you,,,
me,2016-02-11 20:47:31,I am in farmers,,,
Mum,2016-02-14 11:26:54,Just arrived at Christchurch,,,
Mum,2016-02-15 12:06:30,Do you find desk chair and bed side dutches at Sallie's.,,,
me,2016-02-15 12:07:43,Not yet. They were closed on sunday so I'm going today.,,,
Mum,2016-02-16 22:47:20,Hi how are you and Annalee. Did manage to get desk.,,,
Mum,2016-02-17 19:17:12,Hi how  was your interview. What did you cooked for tea.,,,
me,2016-02-18 17:46:41,It went okay they said they'd let me know by tomorrow. I made burritos. Love you.,,,
Mum,2016-02-19 13:19:01,Hi how are you.  Do you get you phone top up. Call me when you got time.,,,
me,2016-02-19 13:58:03,I got the top up. I'm going to see courtney right now,,,
me,2016-02-19 13:59:02,I'll call you tonight,,,
Mum,2016-02-19 14:00:18,Ok wait for your call .,,,
Mum,2016-02-20 19:29:51,Hi how are you.  Are you on your flat now.,,,
Mum,2016-02-22 22:38:59,Hi how are you. How is your new flat. Did you get your blood  test. What do had for tea. Love you??,,,
me,2016-02-23 9:04:00,I'm good. My flat is good. I got the blood test and I had fish and chips for tea. Love you.,,,
Mum,2016-02-24 19:55:50,You missed a call from +64210500788 on 24-02-2016 at 19:55.,,,
Mum,2016-02-24 20:01:02,Hi how are you. Did you get desk. I try to call you no answers. Love you??,,,
Mum,2016-02-25 9:19:20,Hi  how are you? Did you get my text last night.  I also call no answers. Are you ok. We sent yesterday the parcel you waiting for. Let us know if you get it. Love you??,,,
me,2016-02-25 11:59:33,Yup I'm good. Sorry my phone ran out of battery. I'll let you know if I get the parcel. I haven't got a desk yet but I'm going to go to the salvation army today and if they still have nothing I will probably just get one at warehouse stationery. Love you.,,,
Mum,2016-02-25 13:42:16,Its ok I only want to know you ok. Please call coz I want to talk about the date you want to come down. Cheap flight selling so fast. Love you-??,,,
me,2016-02-26 11:52:49,Can I call you?,,,
Mum,2016-02-26 11:53:37,Yes,,,
Mum,2016-02-26 13:12:13,Hi I emailed the recipe any question.  Just text me . Happy cooking.  Love you???,,,
Mum,2016-02-27 20:40:39,Hi how are you. Do get the recipe I emailed to you. What you had for tea.,,,
Mum,2016-02-28 23:16:30,Hi how are you.  I text you yesterday no answers.  Are you ok. Love you??,,,
me,2016-02-29 0:52:36,I'm good sorry it was courtney's birthday yesterday so I was out. Love you.,,,
Mum,2016-03-02 13:45:48,Hi how are you? How you getting on . You can call me when you free. Love you??,,,
Mum,2016-03-02 18:13:26,You missed a call from +64210500788 on 02-03-2016 at 18:13.,,,
Mum,2016-03-05 20:04:51,Hi how are you? What you having for tea..love you??,,,
Mum,2016-03-06 12:27:16,Hi how are you? Did you get my text last night. Happy childrens  day. Love you??,,,
me,2016-03-06 12:28:35,I'm good. Sorry didn't hear my phone last night I was making banana bread. Thanks. Love you.,,,
Mum,2016-03-09 20:59:44,Hi how are you? You busy what do you had for tea.. love you ??,,,
me,2016-03-09 21:17:07,I am good. A little bit. I had dumplings. Love you.,,,
Mum,2016-03-09 21:32:29,Dad asking what flag you want. The new design or the old one. Dad want to vote for you.  I have chocolate to send do need anything :-),,,
Mum,2016-03-10 21:05:34,Hi how are you. You busy.  Dad asking  what flag you want and he do the voting for you.  Do you have your tea? Love you??,,,
me,2016-03-11 1:08:34,I'm good. I have a bit of work to do. I don't mind either way about the flag. I had fish for tea. Love you.,,,
Mum,2016-03-12 20:55:04,Hi how are you?  Do you had tea? What you had. Is your new place ok. Love you??,,,
Mum,2016-03-17 17:26:33,Hi how are you?  We are fine but homeless,,,
Mum,2016-03-17 17:29:54,We sold the house now looking the house to rent. Love you.??,,,
Mum,2016-03-18 19:40:26,Hi how are you?  You received the top up Love you??,,,
Mum,2016-03-23 12:08:44,You missed a call from +64210500788 on 23-03-2016 at 12:08.,,,
Mum,2016-03-23 12:41:58,Hi how are you?  I text you but you don't reply.  Are you ok. Pls call me when you got chance.  Love you??,,,
Mum,2016-03-23 16:15:33,Hi I booked your flight and forwarded the copy,,,
Of your ticket let me know if you get it. Love you??,,,,,
Mum,2016-03-24 8:33:15,Did you get my email with attachments of your ticket and did you received the box we sent. Love you??,,,
me,2016-03-24 10:52:40,I got the email but I haven't got the box yet. Love you.,,,
Mum,2016-03-27 23:57:11,Hi how are you? Did you get the box yet. Happy Easter.  Love you??.,,,
Mum,2016-03-29 23:49:23,Hi how are you. I txt you before you  don't reply. Hope you ok. Did you get the box yet otherwise I will call post office tomorrow.  Pls let me know.  Love you??,,,
Mum,2016-03-31 22:59:37,Hi how are you? What you had for tea? Did you manage to pickup the box at post office.  Love you??,,,
me,2016-03-31 23:02:36,I'm good. I had beef and black bean. I got the package. I got an email from the lady off trade me saying that the viewing time for the house is at 1pm on Saturday. Love you.,,,
Mum,2016-04-06 11:42:30,Hi how are you.  Long time never heard from you. Missed your voice. Can you call me .what is your postal code. I want to send the copy of your ticket.  Love you??,,,
Mum,2016-04-12 8:14:03,Hi how are you?  We heared the news this morning that have earthquake over there.  Did you feel it? Are you ok. Did you received the copy of your ticket I sent via mail.  Hope you ok. Love you??,,,
me,2016-04-12 17:55:18,I'm good. No I didn't feel it. Yup I got the ticket. Love you.,,,
Mum,2016-04-17 23:24:14,Hi how are you? Did you go to Annalee place today.  What you had for tea. Love you??,,,
me,2016-04-18 18:24:55,I didn't go to her place last night. I am going tonight. Love you.,,,
Mum,2016-04-20 22:21:03,Hi how are you? It a long time never hear from you. Are you busy? What you had for tea. Love you??,,,
me,2016-04-20 22:45:01,I'm good. I have a bit of work to do. I had beef for dinner. Love you.,,,
Mum,2016-04-21 18:30:53,Hi how are you?  Do you have your tea. Dont forget your flight on Sunday I think 8:45 p.m. take off. See you.  :-);-) love you??,,,
Mum,2016-04-22 23:36:25,Hi how are you. Why you don't answers my text.  Don't forget your flight on Sunday. Love you??.,,,
me,2016-04-29 16:57:20,I'm done where should I meet you?,,,
Mum,2016-04-29 16:58:48,Outside dick smith in the car park.,,,
me,2016-04-30 8:05:58,I'm in wellington now,,,
Mum,2016-04-30 8:08:55,That's good did you have a good flight?  Love you .,,,
me,2016-04-30 8:09:50,Yup it was good. Love you.,,,
Mum,2016-04-30 19:25:38,Hi how are you?  Dad found a piece of wire on the floor,look like part of your remote.  Do you need. If you do let us know so that we can mail it. Love you??,,
Mum,2016-05-05 18:18:32,Hi how are you? I love you??,,,
me,2016-05-05 18:20:32,I'm good. I've finished my assignments. Love you.,,,
Mum,2016-05-05 18:22:35,Do you have time to call me.,,,
me,2016-05-05 22:24:22,I can call you now?,,,
Mum,2016-05-05 22:25:27,Yes,,,
Mum,2016-05-07 21:08:08,Hi how are you. Do you check if your sister ok. Do you have your tea. Love you.,,,
me,2016-05-07 21:34:40,I'm good. I think she will be fine. I went out for dinner with some friends. Love you.,,,
me,2016-05-08 15:01:42,Happy mother's day. Love you.,,,
Mum,2016-05-08 17:22:14,Thank you. Sorry I missed your call. We are busy shifting.  Please call me back at 7pm. Thanks love you.??,,,
Mum,2016-05-08 21:21:58,You missed a call from +64210500788 on 08-05-2016 at 21:21.,,,
Mum,2016-05-12 21:13:01,Hi how are you?  Where are you when earthquake strike. The news said had broken Windows. Do you have your tea. Love you??,,,
Mum,2016-05-14 19:14:47,Hi how are you? What you having for tea tonight? I emailed to you the copy of your ticket did you get it. Love you??,,,
me,2016-05-15 14:52:17,I'm good. I got the ticket. Love you.,,,
Mum,2016-05-21 20:45:12,Hi how are you? What you have for tea. What you want for your birthday.  Love you??,,,
me,2016-05-22 0:26:27,I'm good. I had tacos for tea. I think I'm going to look for a phone with annalee. Love you.,,,
Mum,2016-05-24 14:47:55,Hi how are you? I sent the copy of your ticket.  Please look at your mail room. Did you find the bday present? Love you??,,,
Mum,2016-05-24 14:51:46,Hi how are you? I sent the copy of your ticket,,,
Pls let me know if you got it. Love you.,,,,,
me,2016-05-25 13:44:47,I'm good. I haven't gotten any mail yet. Love you.,,,
Mum,2016-06-03 20:51:24,Hi how are you. Do you have any tea yet. Love you.,,,
me,2016-06-04 13:23:55,I'm good. I had pizza for tea last night. Love you.,,,
Mum,2016-06-08 20:18:16,Hi how are you. Still busy of uni work.  What you having for tea. Dad birthday tomorrow don't forget to call him. Love you??,,,